tcp.stream;tls.handshake;tls.handshake.cert_types;tls.handshake.ciphersuites;tls.handshake.cipher_suites_length;tls.handshake.extensions_reneg_info_len;tls.handshake.extensions_server_name_list_len;tls.handshake.extensions_server_name_type;tls.handshake.certificates_length;tls.handshake.client_point_len;tls.handshake.comp_methods_length;tls.handshake.extensions_length;tls.handshake.extensions_server_name;tls.handshake.extensions_server_name_len;tls.handshake.extensions_server_name_type;tls.handshake.length;tls.handshake.ocsp_response_len;tls.handshake.session_id;tls.handshake.session_ticket_length;tls.handshake.sig_hash_alg;tls.handshake.type;tls.handshake.version;tls.sct.scts_length;tls.sct.sct_timestamp;tls.record.content_type;tls.quic.parameter.type;dns.a;dns.aaaa;dns.cert.algorithm;dns.count.answers;dns.resp.ttl;dns.resp.len;dns.resp.type
14;;;;;;;;;;;;;;;;;;;;;;;;23;;;;;;;;
14;;;;;;;;;;;;;;;;;;;;;;;;23;;;;;;;;
14;;;;;;;;;;;;;;;;;;;;;;;;;;;;;;;;
14;;;;;;;;;;;;;;;;;;;;;;;;23;;;;;;;;
14;;;;;;;;;;;;;;;;;;;;;;;;23;;;;;;;;
14;;;;;;;;;;;;;;;;;;;;;;;;;;;;;;;;
14;;;;;;;;;;;;;;;;;;;;;;;;;;;;;;;;
14;;;;;;;;;;;;;;;;;;;;;;;;;;;;;;;;
14;;;;;;;;;;;;;;;;;;;;;;;;;;;;;;;;
14;;;;;;;;;;;;;;;;;;;;;;;;;;;;;;;;
14;;;;;;;;;;;;;;;;;;;;;;;;;;;;;;;;
14;;;;;;;;;;;;;;;;;;;;;;;;;;;;;;;;
14;;;;;;;;;;;;;;;;;;;;;;;;;;;;;;;;
14;;;;;;;;;;;;;;;;;;;;;;;;23;;;;;;;;
14;;;;;;;;;;;;;;;;;;;;;;;;23;;;;;;;;
14;;;;;;;;;;;;;;;;;;;;;;;;;;;;;;;;
14;;;;;;;;;;;;;;;;;;;;;;;;23;;;;;;;;
14;;;;;;;;;;;;;;;;;;;;;;;;23;;;;;;;;
14;;;;;;;;;;;;;;;;;;;;;;;;;;;;;;;;
14;;;;;;;;;;;;;;;;;;;;;;;;23;;;;;;;;
14;;;;;;;;;;;;;;;;;;;;;;;;23;;;;;;;;
14;;;;;;;;;;;;;;;;;;;;;;;;;;;;;;;;
14;;;;;;;;;;;;;;;;;;;;;;;;;;;;;;;;
14;;;;;;;;;;;;;;;;;;;;;;;;;;;;;;;;
14;;;;;;;;;;;;;;;;;;;;;;;;23;;;;;;;;
14;;;;;;;;;;;;;;;;;;;;;;;;23;;;;;;;;
14;;;;;;;;;;;;;;;;;;;;;;;;;;;;;;;;
209;;;;;;;;;;;;;;;;;;;;;;;;;;;;;;;;
209;;;;;;;;;;;;;;;;;;;;;;;;;;;;;;;;
209;;;;;;;;;;;;;;;;;;;;;;;;;;;;;;;;
209;1;;1;28;0;23;;;;1;130;fonts.googleapis.com;20;0;199;;;;0x0403,0x0804,0x0401,0x0503,0x0805,0x0501,0x0806,0x0601,0x0201;1;0x0303;;;22;;;;;;;;
209;;;;;;;;;;;;;;;;;;;;;;;;;;;;;;;;
209;1;;;;0;;;;;;279;;;;319;;;;0x0403,0x0403;2;0x0303;241;Jun 21, 2017 15:39:38.750000000 UTC,Jun 21, 2017 15:39:38.354000000 UTC;22;;;;;;;;
209;;;;;;;;;;;;;;;;;;;;;;;;;;;;;;;;
209;1,1,1;;;;;;;3223;;;;;;;3226,296,0;;;;0x0804;11,12,14;;;;22,22,22;;;;;;;;
209;;;;;;;;;;;;;;;;;;;;;;;;;;;;;;;;
209;1,1,1;;;;;;;;32;;;;;;33;;;;;16;;;;22,20,22,22;;;;;;;;
209;;;;;;;;;;;;;;;;;;;;;;;;23;;;;;;;;
209;;;;;;;;;;;;;;;;;;;;;;;;23;;;;;;;;
209;;;;;;;;;;;;;;;;;;;;;;;;23;;;;;;;;
209;1,1;;;;;;;;;;;;;;285;;;279;;4;;;;22,20,22;;;;;;;;
209;;;;;;;;;;;;;;;;;;;;;;;;23;;;;;;;;
209;;;;;;;;;;;;;;;;;;;;;;;;23;;;;;;;;
209;;;;;;;;;;;;;;;;;;;;;;;;;;;;;;;;
209;;;;;;;;;;;;;;;;;;;;;;;;23;;;;;;;;
209;;;;;;;;;;;;;;;;;;;;;;;;;;;;;;;;
209;;;;;;;;;;;;;;;;;;;;;;;;;;;;;;;;
209;;;;;;;;;;;;;;;;;;;;;;;;23;;;;;;;;
209;;;;;;;;;;;;;;;;;;;;;;;;;;;;;;;;
307;;;;;;;;;;;;;;;;;;;;;;;;;;;;;;;;
307;;;;;;;;;;;;;;;;;;;;;;;;;;;;;;;;
307;;;;;;;;;;;;;;;;;;;;;;;;;;;;;;;;
307;1;;1;30;0;16;;;;1;405;www.ana.co.jp;13;0;508;;8467cf49af51d2e8c25c8ca13f7405e9a4c3ddedb2b27e8527b28c2240f276c0;;0x0403,0x0503,0x0603,0x0804,0x0805,0x0806,0x0401,0x0501,0x0601,0x0203,0x0201;1;0x0303;;;22;;;;;;;;
307;;;;;;;;;;;;;;;;;;;;;;;;;;;;;;;;
307;1,1;;;;0;;;;;;20;;;;92;;8467cf49af51d2e8c25c8ca13f7405e9a4c3ddedb2b27e8527b28c2240f276c0;;;2;0x0303;;;22,20,22;;;;;;;;
307;;;;;;;;;;;;;;;;;;;;;;;;;;;;;;;;
307;1;;;;;;;;;;;;;;;;;;;;;;;20,22;;;;;;;;
307;;;;;;;;;;;;;;;;;;;;;;;;23;;;;;;;;
307;;;;;;;;;;;;;;;;;;;;;;;;;;;;;;;;
307;;;;;;;;;;;;;;;;;;;;;;;;;;;;;;;;
307;;;;;;;;;;;;;;;;;;;;;;;;;;;;;;;;
307;;;;;;;;;;;;;;;;;;;;;;;;;;;;;;;;
307;;;;;;;;;;;;;;;;;;;;;;;;;;;;;;;;
307;;;;;;;;;;;;;;;;;;;;;;;;;;;;;;;;
307;;;;;;;;;;;;;;;;;;;;;;;;;;;;;;;;
307;;;;;;;;;;;;;;;;;;;;;;;;;;;;;;;;
307;;;;;;;;;;;;;;;;;;;;;;;;;;;;;;;;
307;;;;;;;;;;;;;;;;;;;;;;;;;;;;;;;;
307;;;;;;;;;;;;;;;;;;;;;;;;;;;;;;;;
307;;;;;;;;;;;;;;;;;;;;;;;;;;;;;;;;
307;;;;;;;;;;;;;;;;;;;;;;;;23;;;;;;;;
307;;;;;;;;;;;;;;;;;;;;;;;;;;;;;;;;
307;;;;;;;;;;;;;;;;;;;;;;;;;;;;;;;;
307;;;;;;;;;;;;;;;;;;;;;;;;;;;;;;;;
307;;;;;;;;;;;;;;;;;;;;;;;;;;;;;;;;
307;;;;;;;;;;;;;;;;;;;;;;;;;;;;;;;;
307;;;;;;;;;;;;;;;;;;;;;;;;;;;;;;;;
307;;;;;;;;;;;;;;;;;;;;;;;;;;;;;;;;
307;;;;;;;;;;;;;;;;;;;;;;;;;;;;;;;;
307;;;;;;;;;;;;;;;;;;;;;;;;23;;;;;;;;
307;;;;;;;;;;;;;;;;;;;;;;;;;;;;;;;;
307;;;;;;;;;;;;;;;;;;;;;;;;;;;;;;;;
307;;;;;;;;;;;;;;;;;;;;;;;;;;;;;;;;
307;;;;;;;;;;;;;;;;;;;;;;;;;;;;;;;;
307;;;;;;;;;;;;;;;;;;;;;;;;;;;;;;;;
307;;;;;;;;;;;;;;;;;;;;;;;;;;;;;;;;
307;;;;;;;;;;;;;;;;;;;;;;;;;;;;;;;;
307;;;;;;;;;;;;;;;;;;;;;;;;;;;;;;;;
307;;;;;;;;;;;;;;;;;;;;;;;;;;;;;;;;
307;;;;;;;;;;;;;;;;;;;;;;;;;;;;;;;;
307;;;;;;;;;;;;;;;;;;;;;;;;;;;;;;;;
307;;;;;;;;;;;;;;;;;;;;;;;;;;;;;;;;
307;;;;;;;;;;;;;;;;;;;;;;;;;;;;;;;;
307;;;;;;;;;;;;;;;;;;;;;;;;;;;;;;;;
307;;;;;;;;;;;;;;;;;;;;;;;;;;;;;;;;
307;;;;;;;;;;;;;;;;;;;;;;;;;;;;;;;;
307;;;;;;;;;;;;;;;;;;;;;;;;;;;;;;;;
307;;;;;;;;;;;;;;;;;;;;;;;;;;;;;;;;
307;;;;;;;;;;;;;;;;;;;;;;;;;;;;;;;;
307;;;;;;;;;;;;;;;;;;;;;;;;;;;;;;;;
307;;;;;;;;;;;;;;;;;;;;;;;;;;;;;;;;
307;;;;;;;;;;;;;;;;;;;;;;;;;;;;;;;;
307;;;;;;;;;;;;;;;;;;;;;;;;;;;;;;;;
307;;;;;;;;;;;;;;;;;;;;;;;;;;;;;;;;
307;;;;;;;;;;;;;;;;;;;;;;;;;;;;;;;;
307;;;;;;;;;;;;;;;;;;;;;;;;;;;;;;;;
307;;;;;;;;;;;;;;;;;;;;;;;;;;;;;;;;
307;;;;;;;;;;;;;;;;;;;;;;;;;;;;;;;;
307;;;;;;;;;;;;;;;;;;;;;;;;;;;;;;;;
307;;;;;;;;;;;;;;;;;;;;;;;;23;;;;;;;;
307;;;;;;;;;;;;;;;;;;;;;;;;;;;;;;;;
307;;;;;;;;;;;;;;;;;;;;;;;;;;;;;;;;
307;;;;;;;;;;;;;;;;;;;;;;;;;;;;;;;;
307;;;;;;;;;;;;;;;;;;;;;;;;;;;;;;;;
307;;;;;;;;;;;;;;;;;;;;;;;;;;;;;;;;
307;;;;;;;;;;;;;;;;;;;;;;;;23;;;;;;;;
307;;;;;;;;;;;;;;;;;;;;;;;;;;;;;;;;
307;;;;;;;;;;;;;;;;;;;;;;;;;;;;;;;;
307;;;;;;;;;;;;;;;;;;;;;;;;;;;;;;;;
307;;;;;;;;;;;;;;;;;;;;;;;;;;;;;;;;
307;;;;;;;;;;;;;;;;;;;;;;;;;;;;;;;;
307;;;;;;;;;;;;;;;;;;;;;;;;;;;;;;;;
307;;;;;;;;;;;;;;;;;;;;;;;;;;;;;;;;
307;;;;;;;;;;;;;;;;;;;;;;;;;;;;;;;;
307;;;;;;;;;;;;;;;;;;;;;;;;;;;;;;;;
307;;;;;;;;;;;;;;;;;;;;;;;;;;;;;;;;
307;;;;;;;;;;;;;;;;;;;;;;;;;;;;;;;;
307;;;;;;;;;;;;;;;;;;;;;;;;;;;;;;;;
307;;;;;;;;;;;;;;;;;;;;;;;;;;;;;;;;
307;;;;;;;;;;;;;;;;;;;;;;;;;;;;;;;;
307;;;;;;;;;;;;;;;;;;;;;;;;;;;;;;;;
307;;;;;;;;;;;;;;;;;;;;;;;;;;;;;;;;
307;;;;;;;;;;;;;;;;;;;;;;;;;;;;;;;;
307;;;;;;;;;;;;;;;;;;;;;;;;;;;;;;;;
307;;;;;;;;;;;;;;;;;;;;;;;;;;;;;;;;
307;;;;;;;;;;;;;;;;;;;;;;;;;;;;;;;;
307;;;;;;;;;;;;;;;;;;;;;;;;;;;;;;;;
307;;;;;;;;;;;;;;;;;;;;;;;;25;;;;;;;;
307;;;;;;;;;;;;;;;;;;;;;;;;;;;;;;;;
307;;;;;;;;;;;;;;;;;;;;;;;;;;;;;;;;
307;;;;;;;;;;;;;;;;;;;;;;;;;;;;;;;;
307;;;;;;;;;;;;;;;;;;;;;;;;;;;;;;;;
307;;;;;;;;;;;;;;;;;;;;;;;;;;;;;;;;
307;;;;;;;;;;;;;;;;;;;;;;;;;;;;;;;;
307;;;;;;;;;;;;;;;;;;;;;;;;;;;;;;;;
307;;;;;;;;;;;;;;;;;;;;;;;;;;;;;;;;
307;;;;;;;;;;;;;;;;;;;;;;;;;;;;;;;;
307;;;;;;;;;;;;;;;;;;;;;;;;;;;;;;;;
307;;;;;;;;;;;;;;;;;;;;;;;;;;;;;;;;
307;;;;;;;;;;;;;;;;;;;;;;;;;;;;;;;;
307;;;;;;;;;;;;;;;;;;;;;;;;;;;;;;;;
307;;;;;;;;;;;;;;;;;;;;;;;;;;;;;;;;
307;;;;;;;;;;;;;;;;;;;;;;;;;;;;;;;;
307;;;;;;;;;;;;;;;;;;;;;;;;;;;;;;;;
307;;;;;;;;;;;;;;;;;;;;;;;;;;;;;;;;
307;;;;;;;;;;;;;;;;;;;;;;;;;;;;;;;;
307;;;;;;;;;;;;;;;;;;;;;;;;;;;;;;;;
307;;;;;;;;;;;;;;;;;;;;;;;;;;;;;;;;
307;;;;;;;;;;;;;;;;;;;;;;;;;;;;;;;;
307;;;;;;;;;;;;;;;;;;;;;;;;;;;;;;;;
307;;;;;;;;;;;;;;;;;;;;;;;;;;;;;;;;
307;;;;;;;;;;;;;;;;;;;;;;;;;;;;;;;;
307;;;;;;;;;;;;;;;;;;;;;;;;;;;;;;;;
307;;;;;;;;;;;;;;;;;;;;;;;;;;;;;;;;
307;;;;;;;;;;;;;;;;;;;;;;;;;;;;;;;;
307;;;;;;;;;;;;;;;;;;;;;;;;;;;;;;;;
307;;;;;;;;;;;;;;;;;;;;;;;;;;;;;;;;
307;;;;;;;;;;;;;;;;;;;;;;;;;;;;;;;;
307;;;;;;;;;;;;;;;;;;;;;;;;;;;;;;;;
307;;;;;;;;;;;;;;;;;;;;;;;;;;;;;;;;
307;;;;;;;;;;;;;;;;;;;;;;;;;;;;;;;;
307;;;;;;;;;;;;;;;;;;;;;;;;;;;;;;;;
307;;;;;;;;;;;;;;;;;;;;;;;;;;;;;;;;
307;;;;;;;;;;;;;;;;;;;;;;;;;;;;;;;;
307;;;;;;;;;;;;;;;;;;;;;;;;;;;;;;;;
307;;;;;;;;;;;;;;;;;;;;;;;;;;;;;;;;
307;;;;;;;;;;;;;;;;;;;;;;;;;;;;;;;;
307;;;;;;;;;;;;;;;;;;;;;;;;;;;;;;;;
307;;;;;;;;;;;;;;;;;;;;;;;;;;;;;;;;
307;;;;;;;;;;;;;;;;;;;;;;;;;;;;;;;;
307;;;;;;;;;;;;;;;;;;;;;;;;;;;;;;;;
307;;;;;;;;;;;;;;;;;;;;;;;;;;;;;;;;
307;;;;;;;;;;;;;;;;;;;;;;;;;;;;;;;;
307;;;;;;;;;;;;;;;;;;;;;;;;;;;;;;;;
307;;;;;;;;;;;;;;;;;;;;;;;;;;;;;;;;
307;;;;;;;;;;;;;;;;;;;;;;;;;;;;;;;;
307;;;;;;;;;;;;;;;;;;;;;;;;;;;;;;;;
307;;;;;;;;;;;;;;;;;;;;;;;;;;;;;;;;
307;;;;;;;;;;;;;;;;;;;;;;;;;;;;;;;;
307;;;;;;;;;;;;;;;;;;;;;;;;;;;;;;;;
307;;;;;;;;;;;;;;;;;;;;;;;;;;;;;;;;
307;;;;;;;;;;;;;;;;;;;;;;;;;;;;;;;;
307;;;;;;;;;;;;;;;;;;;;;;;;;;;;;;;;
307;;;;;;;;;;;;;;;;;;;;;;;;;;;;;;;;
307;;;;;;;;;;;;;;;;;;;;;;;;;;;;;;;;
307;;;;;;;;;;;;;;;;;;;;;;;;;;;;;;;;
307;;;;;;;;;;;;;;;;;;;;;;;;;;;;;;;;
307;;;;;;;;;;;;;;;;;;;;;;;;;;;;;;;;
307;;;;;;;;;;;;;;;;;;;;;;;;;;;;;;;;
307;;;;;;;;;;;;;;;;;;;;;;;;;;;;;;;;
307;;;;;;;;;;;;;;;;;;;;;;;;;;;;;;;;
307;;;;;;;;;;;;;;;;;;;;;;;;;;;;;;;;
307;;;;;;;;;;;;;;;;;;;;;;;;;;;;;;;;
307;;;;;;;;;;;;;;;;;;;;;;;;;;;;;;;;
307;;;;;;;;;;;;;;;;;;;;;;;;;;;;;;;;
307;;;;;;;;;;;;;;;;;;;;;;;;;;;;;;;;
307;;;;;;;;;;;;;;;;;;;;;;;;;;;;;;;;
307;;;;;;;;;;;;;;;;;;;;;;;;;;;;;;;;
307;;;;;;;;;;;;;;;;;;;;;;;;;;;;;;;;
307;;;;;;;;;;;;;;;;;;;;;;;;;;;;;;;;
307;;;;;;;;;;;;;;;;;;;;;;;;;;;;;;;;
307;;;;;;;;;;;;;;;;;;;;;;;;;;;;;;;;
307;;;;;;;;;;;;;;;;;;;;;;;;;;;;;;;;
307;;;;;;;;;;;;;;;;;;;;;;;;;;;;;;;;
307;;;;;;;;;;;;;;;;;;;;;;;;;;;;;;;;
307;;;;;;;;;;;;;;;;;;;;;;;;;;;;;;;;
307;;;;;;;;;;;;;;;;;;;;;;;;;;;;;;;;
307;;;;;;;;;;;;;;;;;;;;;;;;;;;;;;;;
307;;;;;;;;;;;;;;;;;;;;;;;;;;;;;;;;
307;;;;;;;;;;;;;;;;;;;;;;;;;;;;;;;;
307;;;;;;;;;;;;;;;;;;;;;;;;;;;;;;;;
307;;;;;;;;;;;;;;;;;;;;;;;;;;;;;;;;
307;;;;;;;;;;;;;;;;;;;;;;;;;;;;;;;;
307;;;;;;;;;;;;;;;;;;;;;;;;;;;;;;;;
307;;;;;;;;;;;;;;;;;;;;;;;;;;;;;;;;
307;;;;;;;;;;;;;;;;;;;;;;;;;;;;;;;;
307;;;;;;;;;;;;;;;;;;;;;;;;;;;;;;;;
307;;;;;;;;;;;;;;;;;;;;;;;;;;;;;;;;
307;;;;;;;;;;;;;;;;;;;;;;;;;;;;;;;;
307;;;;;;;;;;;;;;;;;;;;;;;;;;;;;;;;
307;;;;;;;;;;;;;;;;;;;;;;;;;;;;;;;;
307;;;;;;;;;;;;;;;;;;;;;;;;;;;;;;;;
307;;;;;;;;;;;;;;;;;;;;;;;;;;;;;;;;
307;;;;;;;;;;;;;;;;;;;;;;;;;;;;;;;;
307;;;;;;;;;;;;;;;;;;;;;;;;;;;;;;;;
307;;;;;;;;;;;;;;;;;;;;;;;;;;;;;;;;
307;;;;;;;;;;;;;;;;;;;;;;;;;;;;;;;;
307;;;;;;;;;;;;;;;;;;;;;;;;;;;;;;;;
307;;;;;;;;;;;;;;;;;;;;;;;;;;;;;;;;
307;;;;;;;;;;;;;;;;;;;;;;;;;;;;;;;;
307;;;;;;;;;;;;;;;;;;;;;;;;;;;;;;;;
307;;;;;;;;;;;;;;;;;;;;;;;;;;;;;;;;
307;;;;;;;;;;;;;;;;;;;;;;;;;;;;;;;;
307;;;;;;;;;;;;;;;;;;;;;;;;;;;;;;;;
307;;;;;;;;;;;;;;;;;;;;;;;;;;;;;;;;
307;;;;;;;;;;;;;;;;;;;;;;;;;;;;;;;;
307;;;;;;;;;;;;;;;;;;;;;;;;;;;;;;;;
307;;;;;;;;;;;;;;;;;;;;;;;;;;;;;;;;
307;;;;;;;;;;;;;;;;;;;;;;;;;;;;;;;;
307;;;;;;;;;;;;;;;;;;;;;;;;;;;;;;;;
307;;;;;;;;;;;;;;;;;;;;;;;;;;;;;;;;
307;;;;;;;;;;;;;;;;;;;;;;;;;;;;;;;;
307;;;;;;;;;;;;;;;;;;;;;;;;;;;;;;;;
307;;;;;;;;;;;;;;;;;;;;;;;;;;;;;;;;
307;;;;;;;;;;;;;;;;;;;;;;;;;;;;;;;;
307;;;;;;;;;;;;;;;;;;;;;;;;;;;;;;;;
307;;;;;;;;;;;;;;;;;;;;;;;;;;;;;;;;
307;;;;;;;;;;;;;;;;;;;;;;;;;;;;;;;;
307;;;;;;;;;;;;;;;;;;;;;;;;;;;;;;;;
307;;;;;;;;;;;;;;;;;;;;;;;;;;;;;;;;
307;;;;;;;;;;;;;;;;;;;;;;;;;;;;;;;;
307;;;;;;;;;;;;;;;;;;;;;;;;;;;;;;;;
307;;;;;;;;;;;;;;;;;;;;;;;;23;;;;;;;;
307;;;;;;;;;;;;;;;;;;;;;;;;;;;;;;;;
307;;;;;;;;;;;;;;;;;;;;;;;;;;;;;;;;
307;;;;;;;;;;;;;;;;;;;;;;;;23;;;;;;;;
307;;;;;;;;;;;;;;;;;;;;;;;;;;;;;;;;
307;;;;;;;;;;;;;;;;;;;;;;;;;;;;;;;;
307;;;;;;;;;;;;;;;;;;;;;;;;;;;;;;;;
307;;;;;;;;;;;;;;;;;;;;;;;;23;;;;;;;;
307;;;;;;;;;;;;;;;;;;;;;;;;23;;;;;;;;
307;;;;;;;;;;;;;;;;;;;;;;;;;;;;;;;;
307;;;;;;;;;;;;;;;;;;;;;;;;23;;;;;;;;
307;;;;;;;;;;;;;;;;;;;;;;;;;;;;;;;;
307;;;;;;;;;;;;;;;;;;;;;;;;;;;;;;;;
307;;;;;;;;;;;;;;;;;;;;;;;;;;;;;;;;
307;;;;;;;;;;;;;;;;;;;;;;;;;;;;;;;;
307;;;;;;;;;;;;;;;;;;;;;;;;;;;;;;;;
307;;;;;;;;;;;;;;;;;;;;;;;;;;;;;;;;
307;;;;;;;;;;;;;;;;;;;;;;;;;;;;;;;;
307;;;;;;;;;;;;;;;;;;;;;;;;;;;;;;;;
307;;;;;;;;;;;;;;;;;;;;;;;;;;;;;;;;
307;;;;;;;;;;;;;;;;;;;;;;;;23;;;;;;;;
307;;;;;;;;;;;;;;;;;;;;;;;;;;;;;;;;
307;;;;;;;;;;;;;;;;;;;;;;;;23;;;;;;;;
307;;;;;;;;;;;;;;;;;;;;;;;;;;;;;;;;
307;;;;;;;;;;;;;;;;;;;;;;;;;;;;;;;;
307;;;;;;;;;;;;;;;;;;;;;;;;23;;;;;;;;
307;;;;;;;;;;;;;;;;;;;;;;;;23;;;;;;;;
307;;;;;;;;;;;;;;;;;;;;;;;;;;;;;;;;
307;;;;;;;;;;;;;;;;;;;;;;;;;;;;;;;;
307;;;;;;;;;;;;;;;;;;;;;;;;23;;;;;;;;
307;;;;;;;;;;;;;;;;;;;;;;;;;;;;;;;;
307;;;;;;;;;;;;;;;;;;;;;;;;23;;;;;;;;
307;;;;;;;;;;;;;;;;;;;;;;;;;;;;;;;;
307;;;;;;;;;;;;;;;;;;;;;;;;;;;;;;;;
307;;;;;;;;;;;;;;;;;;;;;;;;;;;;;;;;
307;;;;;;;;;;;;;;;;;;;;;;;;;;;;;;;;
307;;;;;;;;;;;;;;;;;;;;;;;;;;;;;;;;
307;;;;;;;;;;;;;;;;;;;;;;;;;;;;;;;;
307;;;;;;;;;;;;;;;;;;;;;;;;23;;;;;;;;
307;;;;;;;;;;;;;;;;;;;;;;;;;;;;;;;;
307;;;;;;;;;;;;;;;;;;;;;;;;;;;;;;;;
307;;;;;;;;;;;;;;;;;;;;;;;;;;;;;;;;
307;;;;;;;;;;;;;;;;;;;;;;;;;;;;;;;;
307;;;;;;;;;;;;;;;;;;;;;;;;;;;;;;;;
307;;;;;;;;;;;;;;;;;;;;;;;;;;;;;;;;
307;;;;;;;;;;;;;;;;;;;;;;;;;;;;;;;;
307;;;;;;;;;;;;;;;;;;;;;;;;;;;;;;;;
307;;;;;;;;;;;;;;;;;;;;;;;;;;;;;;;;
307;;;;;;;;;;;;;;;;;;;;;;;;;;;;;;;;
307;;;;;;;;;;;;;;;;;;;;;;;;;;;;;;;;
307;;;;;;;;;;;;;;;;;;;;;;;;;;;;;;;;
307;;;;;;;;;;;;;;;;;;;;;;;;;;;;;;;;
307;;;;;;;;;;;;;;;;;;;;;;;;;;;;;;;;
307;;;;;;;;;;;;;;;;;;;;;;;;;;;;;;;;
307;;;;;;;;;;;;;;;;;;;;;;;;;;;;;;;;
307;;;;;;;;;;;;;;;;;;;;;;;;;;;;;;;;
307;;;;;;;;;;;;;;;;;;;;;;;;;;;;;;;;
307;;;;;;;;;;;;;;;;;;;;;;;;;;;;;;;;
307;;;;;;;;;;;;;;;;;;;;;;;;23;;;;;;;;
307;;;;;;;;;;;;;;;;;;;;;;;;;;;;;;;;
307;;;;;;;;;;;;;;;;;;;;;;;;;;;;;;;;
307;;;;;;;;;;;;;;;;;;;;;;;;;;;;;;;;
307;;;;;;;;;;;;;;;;;;;;;;;;;;;;;;;;
307;;;;;;;;;;;;;;;;;;;;;;;;23;;;;;;;;
307;;;;;;;;;;;;;;;;;;;;;;;;;;;;;;;;
307;;;;;;;;;;;;;;;;;;;;;;;;23;;;;;;;;
307;;;;;;;;;;;;;;;;;;;;;;;;;;;;;;;;
307;;;;;;;;;;;;;;;;;;;;;;;;23;;;;;;;;
307;;;;;;;;;;;;;;;;;;;;;;;;;;;;;;;;
307;;;;;;;;;;;;;;;;;;;;;;;;23;;;;;;;;
307;;;;;;;;;;;;;;;;;;;;;;;;;;;;;;;;
307;;;;;;;;;;;;;;;;;;;;;;;;;;;;;;;;
307;;;;;;;;;;;;;;;;;;;;;;;;;;;;;;;;
307;;;;;;;;;;;;;;;;;;;;;;;;;;;;;;;;
307;;;;;;;;;;;;;;;;;;;;;;;;;;;;;;;;
307;;;;;;;;;;;;;;;;;;;;;;;;;;;;;;;;
307;;;;;;;;;;;;;;;;;;;;;;;;;;;;;;;;
307;;;;;;;;;;;;;;;;;;;;;;;;;;;;;;;;
307;;;;;;;;;;;;;;;;;;;;;;;;;;;;;;;;
307;;;;;;;;;;;;;;;;;;;;;;;;;;;;;;;;
307;;;;;;;;;;;;;;;;;;;;;;;;;;;;;;;;
307;;;;;;;;;;;;;;;;;;;;;;;;;;;;;;;;
307;;;;;;;;;;;;;;;;;;;;;;;;;;;;;;;;
307;;;;;;;;;;;;;;;;;;;;;;;;;;;;;;;;
307;;;;;;;;;;;;;;;;;;;;;;;;23;;;;;;;;
307;;;;;;;;;;;;;;;;;;;;;;;;;;;;;;;;
307;;;;;;;;;;;;;;;;;;;;;;;;;;;;;;;;
307;;;;;;;;;;;;;;;;;;;;;;;;;;;;;;;;
307;;;;;;;;;;;;;;;;;;;;;;;;;;;;;;;;
307;;;;;;;;;;;;;;;;;;;;;;;;;;;;;;;;
307;;;;;;;;;;;;;;;;;;;;;;;;;;;;;;;;
307;;;;;;;;;;;;;;;;;;;;;;;;23;;;;;;;;
307;;;;;;;;;;;;;;;;;;;;;;;;;;;;;;;;
307;;;;;;;;;;;;;;;;;;;;;;;;;;;;;;;;
307;;;;;;;;;;;;;;;;;;;;;;;;;;;;;;;;
307;;;;;;;;;;;;;;;;;;;;;;;;;;;;;;;;
307;;;;;;;;;;;;;;;;;;;;;;;;;;;;;;;;
307;;;;;;;;;;;;;;;;;;;;;;;;;;;;;;;;
307;;;;;;;;;;;;;;;;;;;;;;;;;;;;;;;;
307;;;;;;;;;;;;;;;;;;;;;;;;;;;;;;;;
307;;;;;;;;;;;;;;;;;;;;;;;;;;;;;;;;
307;;;;;;;;;;;;;;;;;;;;;;;;;;;;;;;;
307;;;;;;;;;;;;;;;;;;;;;;;;23;;;;;;;;
307;;;;;;;;;;;;;;;;;;;;;;;;;;;;;;;;
307;;;;;;;;;;;;;;;;;;;;;;;;;;;;;;;;
307;;;;;;;;;;;;;;;;;;;;;;;;;;;;;;;;
307;;;;;;;;;;;;;;;;;;;;;;;;;;;;;;;;
307;;;;;;;;;;;;;;;;;;;;;;;;;;;;;;;;
307;;;;;;;;;;;;;;;;;;;;;;;;;;;;;;;;
307;;;;;;;;;;;;;;;;;;;;;;;;;;;;;;;;
307;;;;;;;;;;;;;;;;;;;;;;;;23;;;;;;;;
307;;;;;;;;;;;;;;;;;;;;;;;;;;;;;;;;
307;;;;;;;;;;;;;;;;;;;;;;;;;;;;;;;;
307;;;;;;;;;;;;;;;;;;;;;;;;;;;;;;;;
307;;;;;;;;;;;;;;;;;;;;;;;;;;;;;;;;
307;;;;;;;;;;;;;;;;;;;;;;;;;;;;;;;;
307;;;;;;;;;;;;;;;;;;;;;;;;;;;;;;;;
307;;;;;;;;;;;;;;;;;;;;;;;;;;;;;;;;
307;;;;;;;;;;;;;;;;;;;;;;;;;;;;;;;;
307;;;;;;;;;;;;;;;;;;;;;;;;;;;;;;;;
307;;;;;;;;;;;;;;;;;;;;;;;;;;;;;;;;
307;;;;;;;;;;;;;;;;;;;;;;;;;;;;;;;;
307;;;;;;;;;;;;;;;;;;;;;;;;;;;;;;;;
307;;;;;;;;;;;;;;;;;;;;;;;;23;;;;;;;;
307;;;;;;;;;;;;;;;;;;;;;;;;;;;;;;;;
307;;;;;;;;;;;;;;;;;;;;;;;;;;;;;;;;
307;;;;;;;;;;;;;;;;;;;;;;;;;;;;;;;;
307;;;;;;;;;;;;;;;;;;;;;;;;;;;;;;;;
307;;;;;;;;;;;;;;;;;;;;;;;;;;;;;;;;
307;;;;;;;;;;;;;;;;;;;;;;;;;;;;;;;;
307;;;;;;;;;;;;;;;;;;;;;;;;;;;;;;;;
307;;;;;;;;;;;;;;;;;;;;;;;;;;;;;;;;
307;;;;;;;;;;;;;;;;;;;;;;;;;;;;;;;;
307;;;;;;;;;;;;;;;;;;;;;;;;;;;;;;;;
307;;;;;;;;;;;;;;;;;;;;;;;;;;;;;;;;
307;;;;;;;;;;;;;;;;;;;;;;;;;;;;;;;;
307;;;;;;;;;;;;;;;;;;;;;;;;;;;;;;;;
307;;;;;;;;;;;;;;;;;;;;;;;;;;;;;;;;
307;;;;;;;;;;;;;;;;;;;;;;;;;;;;;;;;
307;;;;;;;;;;;;;;;;;;;;;;;;;;;;;;;;
307;;;;;;;;;;;;;;;;;;;;;;;;;;;;;;;;
307;;;;;;;;;;;;;;;;;;;;;;;;;;;;;;;;
307;;;;;;;;;;;;;;;;;;;;;;;;;;;;;;;;
307;;;;;;;;;;;;;;;;;;;;;;;;;;;;;;;;
307;;;;;;;;;;;;;;;;;;;;;;;;;;;;;;;;
307;;;;;;;;;;;;;;;;;;;;;;;;23;;;;;;;;
307;;;;;;;;;;;;;;;;;;;;;;;;;;;;;;;;
307;;;;;;;;;;;;;;;;;;;;;;;;23;;;;;;;;
307;;;;;;;;;;;;;;;;;;;;;;;;23;;;;;;;;
307;;;;;;;;;;;;;;;;;;;;;;;;;;;;;;;;
307;;;;;;;;;;;;;;;;;;;;;;;;23;;;;;;;;
307;;;;;;;;;;;;;;;;;;;;;;;;23;;;;;;;;
307;;;;;;;;;;;;;;;;;;;;;;;;;;;;;;;;
307;;;;;;;;;;;;;;;;;;;;;;;;23;;;;;;;;
307;;;;;;;;;;;;;;;;;;;;;;;;;;;;;;;;
307;;;;;;;;;;;;;;;;;;;;;;;;;;;;;;;;
307;;;;;;;;;;;;;;;;;;;;;;;;;;;;;;;;
307;;;;;;;;;;;;;;;;;;;;;;;;;;;;;;;;
307;;;;;;;;;;;;;;;;;;;;;;;;;;;;;;;;
307;;;;;;;;;;;;;;;;;;;;;;;;;;;;;;;;
307;;;;;;;;;;;;;;;;;;;;;;;;;;;;;;;;
307;;;;;;;;;;;;;;;;;;;;;;;;;;;;;;;;
307;;;;;;;;;;;;;;;;;;;;;;;;;;;;;;;;
307;;;;;;;;;;;;;;;;;;;;;;;;;;;;;;;;
307;;;;;;;;;;;;;;;;;;;;;;;;;;;;;;;;
307;;;;;;;;;;;;;;;;;;;;;;;;23;;;;;;;;
307;;;;;;;;;;;;;;;;;;;;;;;;;;;;;;;;
307;;;;;;;;;;;;;;;;;;;;;;;;;;;;;;;;
307;;;;;;;;;;;;;;;;;;;;;;;;;;;;;;;;
307;;;;;;;;;;;;;;;;;;;;;;;;;;;;;;;;
307;;;;;;;;;;;;;;;;;;;;;;;;;;;;;;;;
307;;;;;;;;;;;;;;;;;;;;;;;;;;;;;;;;
307;;;;;;;;;;;;;;;;;;;;;;;;;;;;;;;;
307;;;;;;;;;;;;;;;;;;;;;;;;23;;;;;;;;
307;;;;;;;;;;;;;;;;;;;;;;;;;;;;;;;;
307;;;;;;;;;;;;;;;;;;;;;;;;;;;;;;;;
307;;;;;;;;;;;;;;;;;;;;;;;;;;;;;;;;
307;;;;;;;;;;;;;;;;;;;;;;;;;;;;;;;;
307;;;;;;;;;;;;;;;;;;;;;;;;;;;;;;;;
307;;;;;;;;;;;;;;;;;;;;;;;;;;;;;;;;
307;;;;;;;;;;;;;;;;;;;;;;;;;;;;;;;;
307;;;;;;;;;;;;;;;;;;;;;;;;;;;;;;;;
307;;;;;;;;;;;;;;;;;;;;;;;;;;;;;;;;
307;;;;;;;;;;;;;;;;;;;;;;;;;;;;;;;;
307;;;;;;;;;;;;;;;;;;;;;;;;23;;;;;;;;
307;;;;;;;;;;;;;;;;;;;;;;;;;;;;;;;;
307;;;;;;;;;;;;;;;;;;;;;;;;23;;;;;;;;
307;;;;;;;;;;;;;;;;;;;;;;;;;;;;;;;;
307;;;;;;;;;;;;;;;;;;;;;;;;23;;;;;;;;
307;;;;;;;;;;;;;;;;;;;;;;;;;;;;;;;;
307;;;;;;;;;;;;;;;;;;;;;;;;;;;;;;;;
307;;;;;;;;;;;;;;;;;;;;;;;;23;;;;;;;;
307;;;;;;;;;;;;;;;;;;;;;;;;23;;;;;;;;
307;;;;;;;;;;;;;;;;;;;;;;;;;;;;;;;;
307;;;;;;;;;;;;;;;;;;;;;;;;;;;;;;;;
307;;;;;;;;;;;;;;;;;;;;;;;;23;;;;;;;;
307;;;;;;;;;;;;;;;;;;;;;;;;;;;;;;;;
307;;;;;;;;;;;;;;;;;;;;;;;;;;;;;;;;
307;;;;;;;;;;;;;;;;;;;;;;;;;;;;;;;;
307;;;;;;;;;;;;;;;;;;;;;;;;;;;;;;;;
307;;;;;;;;;;;;;;;;;;;;;;;;23;;;;;;;;
307;;;;;;;;;;;;;;;;;;;;;;;;23;;;;;;;;
307;;;;;;;;;;;;;;;;;;;;;;;;;;;;;;;;
307;;;;;;;;;;;;;;;;;;;;;;;;;;;;;;;;
307;;;;;;;;;;;;;;;;;;;;;;;;;;;;;;;;
307;;;;;;;;;;;;;;;;;;;;;;;;;;;;;;;;
307;;;;;;;;;;;;;;;;;;;;;;;;;;;;;;;;
307;;;;;;;;;;;;;;;;;;;;;;;;;;;;;;;;
307;;;;;;;;;;;;;;;;;;;;;;;;;;;;;;;;
307;;;;;;;;;;;;;;;;;;;;;;;;;;;;;;;;
307;;;;;;;;;;;;;;;;;;;;;;;;;;;;;;;;
307;;;;;;;;;;;;;;;;;;;;;;;;;;;;;;;;
307;;;;;;;;;;;;;;;;;;;;;;;;23;;;;;;;;
307;;;;;;;;;;;;;;;;;;;;;;;;;;;;;;;;
307;;;;;;;;;;;;;;;;;;;;;;;;;;;;;;;;
307;;;;;;;;;;;;;;;;;;;;;;;;;;;;;;;;
307;;;;;;;;;;;;;;;;;;;;;;;;;;;;;;;;
307;;;;;;;;;;;;;;;;;;;;;;;;;;;;;;;;
307;;;;;;;;;;;;;;;;;;;;;;;;23;;;;;;;;
307;;;;;;;;;;;;;;;;;;;;;;;;;;;;;;;;
307;;;;;;;;;;;;;;;;;;;;;;;;;;;;;;;;
307;;;;;;;;;;;;;;;;;;;;;;;;;;;;;;;;
307;;;;;;;;;;;;;;;;;;;;;;;;23;;;;;;;;
307;;;;;;;;;;;;;;;;;;;;;;;;;;;;;;;;
307;;;;;;;;;;;;;;;;;;;;;;;;;;;;;;;;
307;;;;;;;;;;;;;;;;;;;;;;;;;;;;;;;;
122;;;;;;;;;;;;;;;;;;;;;;;;;;;;;;;;
122;;;;;;;;;;;;;;;;;;;;;;;;;;;;;;;;
122;;;;;;;;;;;;;;;;;;;;;;;;;;;;;;;;
122;;;;;;;;;;;;;;;;;;;;;;;;;;;;;;;;
122;;;;;;;;;;;;;;;;;;;;;;;;;;;;;;;;
122;;;;;;;;;;;;;;;;;;;;;;;;;;;;;;;;
122;;;;;;;;;;;;;;;;;;;;;;;;;;;;;;;;
122;;;;;;;;;;;;;;;;;;;;;;;;;;;;;;;;
122;;;;;;;;;;;;;;;;;;;;;;;;;;;;;;;;
122;;;;;;;;;;;;;;;;;;;;;;;;;;;;;;;;
122;;;;;;;;;;;;;;;;;;;;;;;;;;;;;;;;
327;;;;;;;;;;;;;;;;;;;;;;;;;;;;;;;;
327;;;;;;;;;;;;;;;;;;;;;;;;;;;;;;;;
327;;;;;;;;;;;;;;;;;;;;;;;;;;;;;;;;
327;;;;;;;;;;;;;;;;;;;;;;;;;;;;;;;;
327;;;;;;;;;;;;;;;;;;;;;;;;;;;;;;;;
327;;;;;;;;;;;;;;;;;;;;;;;;;;;;;;;;
50;;;;;;;;;;;;;;;;;;;;;;;;;;;;;;;;
50;;;;;;;;;;;;;;;;;;;;;;;;;;;;;;;;
50;;;;;;;;;;;;;;;;;;;;;;;;21;;;;;;;;
50;;;;;;;;;;;;;;;;;;;;;;;;;;;;;;;;
50;;;;;;;;;;;;;;;;;;;;;;;;;;;;;;;;
50;;;;;;;;;;;;;;;;;;;;;;;;;;;;;;;;
50;;;;;;;;;;;;;;;;;;;;;;;;;;;;;;;;
219;;;;;;;;;;;;;;;;;;;;;;;;;;;;;;;;
219;;;;;;;;;;;;;;;;;;;;;;;;;;;;;;;;
219;;;;;;;;;;;;;;;;;;;;;;;;;;;;;;;;
219;1;;1;28;0;15;;;;1;122;s.adroll.com;12;0;191;;;;0x0403,0x0804,0x0401,0x0503,0x0805,0x0501,0x0806,0x0601,0x0201;1;0x0303;;;22;;;;;;;;
219;;;;;;;;;;;;;;;;;;;;;;;;;;;;;;;;
219;1;;;;0;;;;;;32;;;;72;;;;;2;0x0303;;;22;;;;;;;;
219;;;;;;;;;;;;;;;;;;;;;;;;;;;;;;;;
219;;;;;;;;;;;;;;;;;;;;;;;;;;;;;;;;
219;;;;;;;;;;;;;;;;;;;;;;;;;;;;;;;;
219;1,1,1;;;;;;;4131;;;;;;;4134,329,0;;;;0x0403,0x0403,0x0401;11,12,14;;240;Nov  7, 2016 19:10:01.799000000 UTC,Nov  7, 2016 19:10:01.835000000 UTC;22,22,22;;;;;;;;
219;;;;;;;;;;;;;;;;;;;;;;;;;;;;;;;;
219;1,1;;;;;;;;65;;;;;;66;;;;;16;;;;22,20,22;;;;;;;;
219;;;;;;;;;;;;;;;;;;;;;;;;23;;;;;;;;
219;1,1;;;;;;;;;;;;;;182;;;176;;4;;;;22,20,22;;;;;;;;
219;;;;;;;;;;;;;;;;;;;;;;;;;;;;;;;;
219;;;;;;;;;;;;;;;;;;;;;;;;;;;;;;;;
219;;;;;;;;;;;;;;;;;;;;;;;;;;;;;;;;
219;;;;;;;;;;;;;;;;;;;;;;;;;;;;;;;;
219;;;;;;;;;;;;;;;;;;;;;;;;;;;;;;;;
219;;;;;;;;;;;;;;;;;;;;;;;;;;;;;;;;
219;;;;;;;;;;;;;;;;;;;;;;;;;;;;;;;;
219;;;;;;;;;;;;;;;;;;;;;;;;;;;;;;;;
219;;;;;;;;;;;;;;;;;;;;;;;;23;;;;;;;;
219;;;;;;;;;;;;;;;;;;;;;;;;23;;;;;;;;
219;;;;;;;;;;;;;;;;;;;;;;;;;;;;;;;;
219;;;;;;;;;;;;;;;;;;;;;;;;23;;;;;;;;
219;;;;;;;;;;;;;;;;;;;;;;;;;;;;;;;;
219;;;;;;;;;;;;;;;;;;;;;;;;23;;;;;;;;
219;;;;;;;;;;;;;;;;;;;;;;;;23;;;;;;;;
219;;;;;;;;;;;;;;;;;;;;;;;;;;;;;;;;
337;;;;;;;;;;;;;;;;;;;;;;;;;;;;;;;;
337;;;;;;;;;;;;;;;;;;;;;;;;;;;;;;;;
337;;;;;;;;;;;;;;;;;;;;;;;;;;;;;;;;
337;1;;1;30;0;19;;;;1;113;search.ana.co.jp;16;0;184;;;;0x0403,0x0503,0x0603,0x0804,0x0805,0x0806,0x0401,0x0501,0x0601,0x0203,0x0201;1;0x0303;;;22;;;;;;;;
337;;;;;;;;;;;;;;;;;;;;;;;;;;;;;;;;
337;1;;;;0;;;;;;5;;;;77;;6789b8b05a22dc31306b40832b6c086b71a5dbc87842dd8da6b2daf88ffc4b52;;;2;0x0301;;;22;;;;;;;;
337;;;;;;;;;;;;;;;;;;;;;;;;;;;;;;;;
337;1,1,1;;;;;;;4263;;;;;;;4266,648,0;;;;0x0403,0x0403;11,12,14;;239;Aug 22, 2016 06:42:06.580000000 UTC,Aug 22, 2016 06:42:07.084000000 UTC;22,22,22;;;;;;;;
337;;;;;;;;;;;;;;;;;;;;;;;;;;;;;;;;
337;1,1;;;;;;;;;;;;;;130;;;;;16;;;;22,20,22;;;;;;;;
337;1;;;;;;;;;;;;;;;;;;;;;;;20,22;;;;;;;;
337;;;;;;;;;;;;;;;;;;;;;;;;;;;;;;;;
337;;;;;;;;;;;;;;;;;;;;;;;;23,23;;;;;;;;
337;;;;;;;;;;;;;;;;;;;;;;;;;;;;;;;;
337;;;;;;;;;;;;;;;;;;;;;;;;;;;;;;;;
337;;;;;;;;;;;;;;;;;;;;;;;;;;;;;;;;
337;;;;;;;;;;;;;;;;;;;;;;;;;;;;;;;;
337;;;;;;;;;;;;;;;;;;;;;;;;23;;;;;;;;
337;;;;;;;;;;;;;;;;;;;;;;;;;;;;;;;;
337;;;;;;;;;;;;;;;;;;;;;;;;;;;;;;;;
337;;;;;;;;;;;;;;;;;;;;;;;;;;;;;;;;
337;;;;;;;;;;;;;;;;;;;;;;;;;;;;;;;;
337;;;;;;;;;;;;;;;;;;;;;;;;;;;;;;;;
337;;;;;;;;;;;;;;;;;;;;;;;;;;;;;;;;
337;;;;;;;;;;;;;;;;;;;;;;;;;;;;;;;;
337;;;;;;;;;;;;;;;;;;;;;;;;;;;;;;;;
337;;;;;;;;;;;;;;;;;;;;;;;;;;;;;;;;
337;;;;;;;;;;;;;;;;;;;;;;;;;;;;;;;;
337;;;;;;;;;;;;;;;;;;;;;;;;;;;;;;;;
337;;;;;;;;;;;;;;;;;;;;;;;;;;;;;;;;
337;;;;;;;;;;;;;;;;;;;;;;;;;;;;;;;;
337;;;;;;;;;;;;;;;;;;;;;;;;;;;;;;;;
337;;;;;;;;;;;;;;;;;;;;;;;;;;;;;;;;
337;;;;;;;;;;;;;;;;;;;;;;;;;;;;;;;;
337;;;;;;;;;;;;;;;;;;;;;;;;;;;;;;;;
337;;;;;;;;;;;;;;;;;;;;;;;;;;;;;;;;
337;;;;;;;;;;;;;;;;;;;;;;;;;;;;;;;;
337;;;;;;;;;;;;;;;;;;;;;;;;;;;;;;;;
337;;;;;;;;;;;;;;;;;;;;;;;;;;;;;;;;
337;;;;;;;;;;;;;;;;;;;;;;;;;;;;;;;;
337;;;;;;;;;;;;;;;;;;;;;;;;;;;;;;;;
337;;;;;;;;;;;;;;;;;;;;;;;;;;;;;;;;
337;;;;;;;;;;;;;;;;;;;;;;;;;;;;;;;;
337;;;;;;;;;;;;;;;;;;;;;;;;;;;;;;;;
337;;;;;;;;;;;;;;;;;;;;;;;;23,23;;;;;;;;
337;;;;;;;;;;;;;;;;;;;;;;;;23;;;;;;;;
337;;;;;;;;;;;;;;;;;;;;;;;;;;;;;;;;
337;;;;;;;;;;;;;;;;;;;;;;;;;;;;;;;;
337;;;;;;;;;;;;;;;;;;;;;;;;;;;;;;;;
455;;;;;;;;;;;;;;;;;;;;;;;;;;;;;;;;
455;;;;;;;;;;;;;;;;;;;;;;;;;;;;;;;;
455;;;;;;;;;;;;;;;;;;;;;;;;;;;;;;;;
455;;;;;;;;;;;;;;;;;;;;;;;;;;;;;;;;
455;;;;;;;;;;;;;;;;;;;;;;;;;;;;;;;;
455;;;;;;;;;;;;;;;;;;;;;;;;;;;;;;;;
455;;;;;;;;;;;;;;;;;;;;;;;;;;;;;;;;
182;;;;;;;;;;;;;;;;;;;;;;;;23;;;;;;;;
182;;;;;;;;;;;;;;;;;;;;;;;;23;;;;;;;;
182;;;;;;;;;;;;;;;;;;;;;;;;;;;;;;;;
429;;;;;;;;;;;;;;;;;;;;;;;;;;;;;;;;
429;;;;;;;;;;;;;;;;;;;;;;;;;;;;;;;;
429;;;;;;;;;;;;;;;;;;;;;;;;;;;;;;;;
429;1;;1;30;0;17;;;;1;111;s.c.appier.net;14;0;182;;;;0x0403,0x0503,0x0603,0x0804,0x0805,0x0806,0x0401,0x0501,0x0601,0x0203,0x0201;1;0x0303;;;22;;;;;;;;
429;;;;;;;;;;;;;;;;;;;;;;;;;;;;;;;;
429;1;;;;0;;;;;;17;;;;57;;;;;2;0x0303;;;22;;;;;;;;
429;;;;;;;;;;;;;;;;;;;;;;;;;;;;;;;;
429;;;;;;;;;;;;;;;;;;;;;;;;;;;;;;;;
429;;;;;;;;;;;;;;;;;;;;;;;;;;;;;;;;
429;;;;;;;;;;;;;;;;;;;;;;;;;;;;;;;;
429;;;;;;;;;;;;;;;;;;;;;;;;;;;;;;;;
429;1;;;;;;;4379;;;;;;;4382;;;;;11;;;;22;;;;;;;;
429;1,1;;;;;;;;65;;;;;;66;;;;;16;;;;22,20,22;;;;;;;;
429;1,1;;;;;;;;;;;;;;182;;;176;;4;;;;22,20,22;;;;;;;;
429;;;;;;;;;;;;;;;;;;;;;;;;;;;;;;;;
429;;;;;;;;;;;;;;;;;;;;;;;;23;;;;;;;;
429;;;;;;;;;;;;;;;;;;;;;;;;23;;;;;;;;
429;;;;;;;;;;;;;;;;;;;;;;;;21;;;;;;;;
429;;;;;;;;;;;;;;;;;;;;;;;;;;;;;;;;
429;;;;;;;;;;;;;;;;;;;;;;;;;;;;;;;;
429;;;;;;;;;;;;;;;;;;;;;;;;;;;;;;;;
429;;;;;;;;;;;;;;;;;;;;;;;;;;;;;;;;
429;;;;;;;;;;;;;;;;;;;;;;;;;;;;;;;;
429;;;;;;;;;;;;;;;;;;;;;;;;;;;;;;;;
9;;;;;;;;;;;;;;;;;;;;;;;;;;;;;;;;
9;;;;;;;;;;;;;;;;;;;;;;;;;;;;;;;;
9;;;;;;;;;;;;;;;;;;;;;;;;;;;;;;;;
9;;;;;;;;;;;;;;;;;;;;;;;;;;;;;;;;
9;;;;;;;;;;;;;;;;;;;;;;;;;;;;;;;;
9;;;;;;;;;;;;;;;;;;;;;;;;;;;;;;;;
9;;;;;;;;;;;;;;;;;;;;;;;;;;;;;;;;
9;;;;;;;;;;;;;;;;;;;;;;;;21;;;;;;;;
9;;;;;;;;;;;;;;;;;;;;;;;;;;;;;;;;
9;;;;;;;;;;;;;;;;;;;;;;;;;;;;;;;;
160;;;;;;;;;;;;;;;;;;;;;;;;;;;;;;;;
160;;;;;;;;;;;;;;;;;;;;;;;;;;;;;;;;
160;;;;;;;;;;;;;;;;;;;;;;;;;;;;;;;;
160;;;;;;;;;;;;;;;;;;;;;;;;;;;;;;;;
103;;;;;;;;;;;;;;;;;;;;;;;;;;;;;;;;
103;;;;;;;;;;;;;;;;;;;;;;;;;;;;;;;;
103;;;;;;;;;;;;;;;;;;;;;;;;;;;;;;;;
103;;;;;;;;;;;;;;;;;;;;;;;;;;;;;;;;
103;;;;;;;;;;;;;;;;;;;;;;;;;;;;;;;;
103;;;;;;;;;;;;;;;;;;;;;;;;;;;;;;;;
103;;;;;;;;;;;;;;;;;;;;;;;;;;;;;;;;
103;;;;;;;;;;;;;;;;;;;;;;;;;;;;;;;;
103;;;;;;;;;;;;;;;;;;;;;;;;;;;;;;;;
103;;;;;;;;;;;;;;;;;;;;;;;;;;;;;;;;
103;;;;;;;;;;;;;;;;;;;;;;;;;;;;;;;;
103;;;;;;;;;;;;;;;;;;;;;;;;;;;;;;;;
103;;;;;;;;;;;;;;;;;;;;;;;;;;;;;;;;
103;;;;;;;;;;;;;;;;;;;;;;;;;;;;;;;;
103;;;;;;;;;;;;;;;;;;;;;;;;;;;;;;;;
30;;;;;;;;;;;;;;;;;;;;;;;;;;;;;;;;
30;;;;;;;;;;;;;;;;;;;;;;;;;;;;;;;;
30;;;;;;;;;;;;;;;;;;;;;;;;;;;;;;;;
30;;;;;;;;;;;;;;;;;;;;;;;;;;;;;;;;
30;;;;;;;;;;;;;;;;;;;;;;;;;;;;;;;;
30;;;;;;;;;;;;;;;;;;;;;;;;;;;;;;;;
30;;;;;;;;;;;;;;;;;;;;;;;;;;;;;;;;
30;;;;;;;;;;;;;;;;;;;;;;;;;;;;;;;;
30;;;;;;;;;;;;;;;;;;;;;;;;21;;;;;;;;
30;;;;;;;;;;;;;;;;;;;;;;;;;;;;;;;;
30;;;;;;;;;;;;;;;;;;;;;;;;21;;;;;;;;
30;;;;;;;;;;;;;;;;;;;;;;;;;;;;;;;;
30;;;;;;;;;;;;;;;;;;;;;;;;;;;;;;;;
494;;;;;;;;;;;;;;;;;;;;;;;;;;;;;;;;
494;;;;;;;;;;;;;;;;;;;;;;;;;;;;;;;;
494;;;;;;;;;;;;;;;;;;;;;;;;;;;;;;;;
494;1;;1;30;0;18;;;;1;405;b97.yahoo.co.jp;15;0;508;;6537b29dcaeb8d7414db98ecd6bc7ba0fb322b01c840afffdab2549d2e0a9907;;0x0403,0x0503,0x0603,0x0804,0x0805,0x0806,0x0401,0x0501,0x0601,0x0203,0x0201;1;0x0303;;;22;;;;;;;;
494;;;;;;;;;;;;;;;;;;;;;;;;;;;;;;;;
494;;;;;;;;;;;;;;;;;;;;;;;;;;;;;;;;
494;1;;;;0;;;;;;36;;;;76;;;;;2;0x0303;;;22;;;;;;;;
494;1,1,1;;;;;;;2632;;;;;;;2635,329,0;;;;0x0601;11,12,14;;;;22,22,22;;;;;;;;
494;;;;;;;;;;;;;;;;;;;;;;;;;;;;;;;;
494;1,1;;;;;;;;65;;;;;;66;;;;;16;;;;22,20,22;;;;;;;;
494;;;;;;;;;;;;;;;;;;;;;;;;23;;;;;;;;
494;1,1;;;;;;;;;;;;;;214;;;208;;4;;;;22,20,22;;;;;;;;
494;;;;;;;;;;;;;;;;;;;;;;;;;;;;;;;;
494;;;;;;;;;;;;;;;;;;;;;;;;;;;;;;;;
494;;;;;;;;;;;;;;;;;;;;;;;;23;;;;;;;;
494;;;;;;;;;;;;;;;;;;;;;;;;23;;;;;;;;
494;;;;;;;;;;;;;;;;;;;;;;;;;;;;;;;;
494;;;;;;;;;;;;;;;;;;;;;;;;;;;;;;;;
494;;;;;;;;;;;;;;;;;;;;;;;;21;;;;;;;;
494;;;;;;;;;;;;;;;;;;;;;;;;;;;;;;;;
494;;;;;;;;;;;;;;;;;;;;;;;;;;;;;;;;
494;;;;;;;;;;;;;;;;;;;;;;;;;;;;;;;;
494;;;;;;;;;;;;;;;;;;;;;;;;;;;;;;;;
142;;;;;;;;;;;;;;;;;;;;;;;;;;;;;;;;
142;;;;;;;;;;;;;;;;;;;;;;;;;;;;;;;;
142;;;;;;;;;;;;;;;;;;;;;;;;;;;;;;;;
142;;;;;;;;;;;;;;;;;;;;;;;;;;;;;;;;
142;;;;;;;;;;;;;;;;;;;;;;;;;;;;;;;;
142;;;;;;;;;;;;;;;;;;;;;;;;;;;;;;;;
142;;;;;;;;;;;;;;;;;;;;;;;;;;;;;;;;
142;;;;;;;;;;;;;;;;;;;;;;;;;;;;;;;;
142;;;;;;;;;;;;;;;;;;;;;;;;;;;;;;;;
142;;;;;;;;;;;;;;;;;;;;;;;;;;;;;;;;
142;;;;;;;;;;;;;;;;;;;;;;;;;;;;;;;;
142;;;;;;;;;;;;;;;;;;;;;;;;;;;;;;;;
396;;;;;;;;;;;;;;;;;;;;;;;;;;;;;;;;
396;;;;;;;;;;;;;;;;;;;;;;;;;;;;;;;;
396;;;;;;;;;;;;;;;;;;;;;;;;;;;;;;;;
396;1;;1;30;0;17;;;;1;111;b0.yahoo.co.jp;14;0;182;;;;0x0403,0x0503,0x0603,0x0804,0x0805,0x0806,0x0401,0x0501,0x0601,0x0203,0x0201;1;0x0303;;;22;;;;;;;;
396;;;;;;;;;;;;;;;;;;;;;;;;;;;;;;;;
396;1;;;;0;;;;;;32;;;;104;;016230000000f9355a598a866972e922fbefbadf869d694a896eb77f93319977;;;2;0x0303;;;22;;;;;;;;
396;;;;;;;;;;;;;;;;;;;;;;;;;;;;;;;;
396;1,1,1;;;;;;;2473;;;;;;;2476,329,0;;;;0x0601;11,12,14;;;;22,22,22;;;;;;;;
396;;;;;;;;;;;;;;;;;;;;;;;;;;;;;;;;
396;1,1;;;;;;;;65;;;;;;66;;;;;16;;;;22,20,22;;;;;;;;
396;1;;;;;;;;;;;;;;;;;;;;;;;20,22;;;;;;;;
396;;;;;;;;;;;;;;;;;;;;;;;;;;;;;;;;
396;;;;;;;;;;;;;;;;;;;;;;;;21;;;;;;;;
396;;;;;;;;;;;;;;;;;;;;;;;;;;;;;;;;
396;;;;;;;;;;;;;;;;;;;;;;;;;;;;;;;;
396;;;;;;;;;;;;;;;;;;;;;;;;;;;;;;;;
441;;;;;;;;;;;;;;;;;;;;;;;;;;;;;;;;
441;;;;;;;;;;;;;;;;;;;;;;;;;;;;;;;;
441;;;;;;;;;;;;;;;;;;;;;;;;;;;;;;;;
441;1;;1;30;0;17;;;;1;111;a.c.appier.net;14;0;182;;;;0x0403,0x0503,0x0603,0x0804,0x0805,0x0806,0x0401,0x0501,0x0601,0x0203,0x0201;1;0x0303;;;22;;;;;;;;
441;;;;;;;;;;;;;;;;;;;;;;;;;;;;;;;;
441;1;;;;0;;;;;;17;;;;57;;;;;2;0x0303;;;22;;;;;;;;
441;;;;;;;;;;;;;;;;;;;;;;;;;;;;;;;;
441;;;;;;;;;;;;;;;;;;;;;;;;;;;;;;;;
441;;;;;;;;;;;;;;;;;;;;;;;;;;;;;;;;
441;1;;;;;;;4379;;;;;;;4382;;;;;11;;;;22;;;;;;;;
441;1,1;;;;;;;;65;;;;;;66;;;;;16;;;;22,20,22;;;;;;;;
441;1,1;;;;;;;;;;;;;;182;;;176;;4;;;;22,20,22;;;;;;;;
441;;;;;;;;;;;;;;;;;;;;;;;;;;;;;;;;
441;;;;;;;;;;;;;;;;;;;;;;;;23;;;;;;;;
441;;;;;;;;;;;;;;;;;;;;;;;;21;;;;;;;;
441;;;;;;;;;;;;;;;;;;;;;;;;;;;;;;;;
441;;;;;;;;;;;;;;;;;;;;;;;;;;;;;;;;
441;;;;;;;;;;;;;;;;;;;;;;;;;;;;;;;;
441;;;;;;;;;;;;;;;;;;;;;;;;;;;;;;;;
441;;;;;;;;;;;;;;;;;;;;;;;;;;;;;;;;
441;;;;;;;;;;;;;;;;;;;;;;;;;;;;;;;;
441;;;;;;;;;;;;;;;;;;;;;;;;;;;;;;;;
422;;;;;;;;;;;;;;;;;;;;;;;;;;;;;;;;
422;;;;;;;;;;;;;;;;;;;;;;;;;;;;;;;;
422;;;;;;;;;;;;;;;;;;;;;;;;;;;;;;;;
422;;;;;;;;;;;;;;;;;;;;;;;;;;;;;;;;
422;;;;;;;;;;;;;;;;;;;;;;;;;;;;;;;;
422;;;;;;;;;;;;;;;;;;;;;;;;;;;;;;;;
422;;;;;;;;;;;;;;;;;;;;;;;;;;;;;;;;
422;;;;;;;;;;;;;;;;;;;;;;;;;;;;;;;;
422;;;;;;;;;;;;;;;;;;;;;;;;;;;;;;;;
422;;;;;;;;;;;;;;;;;;;;;;;;;;;;;;;;
107;;;;;;;;;;;;;;;;;;;;;;;;;;;;;;;;
107;;;;;;;;;;;;;;;;;;;;;;;;;;;;;;;;
107;;;;;;;;;;;;;;;;;;;;;;;;;;;;;;;;
107;;;;;;;;;;;;;;;;;;;;;;;;;;;;;;;;
107;;;;;;;;;;;;;;;;;;;;;;;;;;;;;;;;
107;;;;;;;;;;;;;;;;;;;;;;;;;;;;;;;;
107;;;;;;;;;;;;;;;;;;;;;;;;;;;;;;;;
107;;;;;;;;;;;;;;;;;;;;;;;;;;;;;;;;
107;;;;;;;;;;;;;;;;;;;;;;;;21;;;;;;;;
107;;;;;;;;;;;;;;;;;;;;;;;;;;;;;;;;
107;;;;;;;;;;;;;;;;;;;;;;;;;;;;;;;;
107;;;;;;;;;;;;;;;;;;;;;;;;;;;;;;;;
107;;;;;;;;;;;;;;;;;;;;;;;;;;;;;;;;
319;;;;;;;;;;;;;;;;;;;;;;;;;;;;;;;;
319;;;;;;;;;;;;;;;;;;;;;;;;;;;;;;;;
319;;;;;;;;;;;;;;;;;;;;;;;;;;;;;;;;
319;1;;1;30;0;32;;;;1;126;xp2zf-uplh5.ads.tremorhub.com;29;0;197;;;;0x0403,0x0503,0x0603,0x0804,0x0805,0x0806,0x0401,0x0501,0x0601,0x0203,0x0201;1;0x0303;;;22;;;;;;;;
319;;;;;;;;;;;;;;;;;;;;;;;;;;;;;;;;
319;1;;;;0;;;;;;13;;;;85;;950450835cb5373df8af14ed7da0d17d2f3f84d002a7a264bae74df9787e19b0;;;2;0x0303;;;22;;;;;;;;
319;;;;;;;;;;;;;;;;;;;;;;;;;;;;;;;;
319;;;;;;;;;;;;;;;;;;;;;;;;;;;;;;;;
319;;;;;;;;;;;;;;;;;;;;;;;;;;;;;;;;
319;;;;;;;;;;;;;;;;;;;;;;;;;;;;;;;;
319;1,1,1;;;;;;;4563;;;;;;;4566,329,0;;;;0x0401;11,12,14;;;;22,22,22;;;;;;;;
319;;;;;;;;;;;;;;;;;;;;;;;;;;;;;;;;
319;1,1;;;;;;;;65;;;;;;66;;;;;16;;;;22,20,22;;;;;;;;
319;;;;;;;;;;;;;;;;;;;;;;;;23;;;;;;;;
319;1;;;;;;;;;;;;;;;;;;;;;;;20,22;;;;;;;;
319;;;;;;;;;;;;;;;;;;;;;;;;;;;;;;;;
319;;;;;;;;;;;;;;;;;;;;;;;;;;;;;;;;
319;;;;;;;;;;;;;;;;;;;;;;;;23,23;;;;;;;;
319;;;;;;;;;;;;;;;;;;;;;;;;;;;;;;;;
319;;;;;;;;;;;;;;;;;;;;;;;;21;;;;;;;;
319;;;;;;;;;;;;;;;;;;;;;;;;;;;;;;;;
319;;;;;;;;;;;;;;;;;;;;;;;;;;;;;;;;
319;;;;;;;;;;;;;;;;;;;;;;;;;;;;;;;;
319;;;;;;;;;;;;;;;;;;;;;;;;;;;;;;;;
53;;;;;;;;;;;;;;;;;;;;;;;;;;;;;;;;
53;;;;;;;;;;;;;;;;;;;;;;;;;;;;;;;;
53;;;;;;;;;;;;;;;;;;;;;;;;;;;;;;;;
53;;;;;;;;;;;;;;;;;;;;;;;;;;;;;;;;
53;;;;;;;;;;;;;;;;;;;;;;;;;;;;;;;;
53;;;;;;;;;;;;;;;;;;;;;;;;21;;;;;;;;
53;;;;;;;;;;;;;;;;;;;;;;;;;;;;;;;;
53;;;;;;;;;;;;;;;;;;;;;;;;;;;;;;;;
